"","County","Date","Q0.025","Q0.5","Q0.975","Date_per"
"1","Napa",2023-04-01,0.720401767505022,1.00131513306967,1.34725815725622,2023-04-01
"2","Napa",2023-04-02,0.717892671255056,0.998530005293203,1.3442791145286,2023-04-02
"3","Napa",2023-04-03,0.714956332613779,0.995272439591882,1.3407980601611,2023-04-03
"4","Napa",2023-04-04,0.71116140813908,0.991046369568579,1.33626145558258,2023-04-04
"5","Napa",2023-04-05,0.707196946766369,0.986682444693051,1.3316483029759,2023-04-05
"6","Napa",2023-04-06,0.703975076733414,0.983278724963961,1.32824977252172,2023-04-06
"7","Napa",2023-04-07,0.702268201191602,0.9817586068464,1.32714253915104,2023-04-07
"8","Napa",2023-04-08,0.702009581268163,0.982031558015562,1.32820643999875,2023-04-08
"9","Napa",2023-04-09,0.702937352038308,0.983759109397475,1.33101360442122,2023-04-09
"10","Napa",2023-04-10,0.704640152849289,0.986419839208295,1.33491765045682,2023-04-10
"11","Napa",2023-04-11,0.70673682074365,0.989530559071199,1.33931971309936,2023-04-11
"12","Napa",2023-04-12,0.708648852138245,0.992380489027679,1.34336635072281,2023-04-12
"13","Napa",2023-04-13,0.709877733747002,0.994363711034647,1.34633833862196,2023-04-13
"14","Napa",2023-04-14,0.710223665085656,0.995242221303043,1.3479593989113,2023-04-14
"15","Napa",2023-04-15,0.709757053985966,0.995111075383022,1.34835453037881,2023-04-15
"16","Napa",2023-04-16,0.709091985060987,0.994719152022823,1.34841583048516,2023-04-16
"17","Napa",2023-04-17,0.708583661253507,0.994506864159334,1.34867690765868,2023-04-17
"18","Napa",2023-04-18,0.708388636013741,0.994669592722146,1.34937595302584,2023-04-18
"19","Napa",2023-04-19,0.709325320113872,0.996182886579496,1.35164597718292,2023-04-19
"20","Napa",2023-04-20,0.711632405595357,0.999322985923528,1.35579696826824,2023-04-20
"21","Napa",2023-04-21,0.715230012490761,1.00397219785541,1.36166332246714,2023-04-21
"22","Napa",2023-04-22,0.720117389383318,1.01009820925488,1.36916747253383,2023-04-22
"23","Napa",2023-04-23,0.725428008679326,1.01663549455072,1.37703015348954,2023-04-23
"24","Napa",2023-04-24,0.73053867960368,1.02281278932554,1.38431901367483,2023-04-24
"25","Napa",2023-04-25,0.735981469016073,1.02924767016885,1.39173089492097,2023-04-25
"26","Napa",2023-04-26,0.741844357170581,1.03603942630009,1.39937500934269,2023-04-26
"27","Napa",2023-04-27,0.747891191123513,1.04290038160824,1.40691001211706,2023-04-27
"28","Napa",2023-04-28,0.753533249907429,1.04912513765827,1.4135115431523,2023-04-28
"29","Napa",2023-04-29,0.758008236217055,1.05381072140583,1.41813627456321,2023-04-29
"30","Napa",2023-04-30,0.761820501134586,1.05756932057718,1.42151036523117,2023-04-30
"31","Napa",2023-05-01,0.76527534899906,1.060787025553,1.42411158856142,2023-05-01
"32","Napa",2023-05-02,0.768929239977463,1.06414276088699,1.42675083899089,2023-05-02
"33","Napa",2023-05-03,0.772278100472912,1.06705328891194,1.42877165344799,2023-05-03
"34","Napa",2023-05-04,0.774612980902013,1.06868884293457,1.42922634975564,2023-05-04
"35","Napa",2023-05-05,0.77631913458798,1.06951840854867,1.42867322372268,2023-05-05
"36","Napa",2023-05-06,0.776893041624921,1.06897049382711,1.42648164968528,2023-05-06
"37","Napa",2023-05-07,0.77579336522047,1.06643122739379,1.42197426381061,2023-05-07
"38","Napa",2023-05-08,0.772987739639849,1.06189399148612,1.41518233062302,2023-05-08
"39","Napa",2023-05-09,0.767728167026357,1.05451692479896,1.40518549400702,2023-05-09
"40","Napa",2023-05-10,0.760231349524461,1.04459800528931,1.39238087445298,2023-05-10
"41","Napa",2023-05-11,0.75179687725856,1.03371611127803,1.37864800184969,2023-05-11
"42","Napa",2023-05-12,0.742796234374244,1.02235108250325,1.36459394519014,2023-05-12
"43","Napa",2023-05-13,0.734396236335551,1.01190255727464,1.35186267299271,2023-05-13
"44","Napa",2023-05-14,0.727196475928809,1.003087988931,1.34129431813653,2023-05-14
"45","Napa",2023-05-15,0.721380987275312,0.996115829495318,1.33311794345393,2023-05-15
"46","Napa",2023-05-16,0.716643402011273,0.990601404833558,1.32686043124994,2023-05-16
"47","Napa",2023-05-17,0.71348395477142,0.987106701638748,1.32313286389675,2023-05-17
"48","Napa",2023-05-18,0.7110543770376,0.984599482950987,1.32070559695545,2023-05-18
"49","Napa",2023-05-19,0.707724747701182,0.981119269664907,1.31727315223448,2023-05-19
"50","Napa",2023-05-20,0.703323643111961,0.976442506868733,1.31255209275356,2023-05-20
"51","Napa",2023-05-21,0.698205430850384,0.970991531930849,1.30703558650273,2023-05-21
"52","Napa",2023-05-22,0.693016185246925,0.965545796779422,1.30164395351896,2023-05-22
"53","Napa",2023-05-23,0.688141597235648,0.960575836148472,1.29693908656259,2023-05-23
"54","Napa",2023-05-24,0.683236833318977,0.955676458071025,1.29245783615852,2023-05-24
"55","Napa",2023-05-25,0.679074953678125,0.951764685789057,1.28926105538607,2023-05-25
"56","Napa",2023-05-26,0.677237058467431,0.950721609712965,1.28952885441831,2023-05-26
"57","Napa",2023-05-27,0.677616460213977,0.952406866174299,1.2930786778428,2023-05-27
"58","Napa",2023-05-28,0.679592189193099,0.956041722020025,1.29895457204278,2023-05-28
"59","Napa",2023-05-29,0.682130179019564,0.960345706964154,1.30560689744492,2023-05-29
"60","Napa",2023-05-30,0.685288913581508,0.965347999938837,1.3130166115171,2023-05-30
"61","Napa",2023-05-31,0.687989654646726,0.969735024339386,1.3196226970189,2023-05-31
"62","Napa",2023-06-01,0.689999603984163,0.973212026890609,1.32506075705089,2023-06-01
"63","Napa",2023-06-02,0.69171197169761,0.976248985936876,1.32987794265622,2023-06-02
"64","Napa",2023-06-03,0.692665953874857,0.978304831710119,1.33345712756323,2023-06-03
"65","Napa",2023-06-04,0.693366071378739,0.979992758343217,1.33652522588198,2023-06-04
"66","Napa",2023-06-05,0.69409548049022,0.981665569034786,1.33951129985216,2023-06-05
"67","Napa",2023-06-06,0.695212760160209,0.983761356412899,1.34293715295433,2023-06-06
"68","Napa",2023-06-07,0.69745852459537,0.98716828121733,1.34783942537344,2023-06-07
"69","Napa",2023-06-08,0.700449041664548,0.991419214417342,1.35366347498814,2023-06-08
"70","Napa",2023-06-09,0.703094921333113,0.995191628582803,1.35884435505228,2023-06-09
"71","Napa",2023-06-10,0.706464046278314,0.999748138520872,1.36483283842186,2023-06-10
"72","Napa",2023-06-11,0.710231179626039,1.00469448872452,1.37116331147064,2023-06-11
"73","Napa",2023-06-12,0.714414865649461,1.01004091804972,1.37783246645927,2023-06-12
"74","Napa",2023-06-13,0.718785731975589,1.01550191028656,1.38449375305666,2023-06-13
"75","Napa",2023-06-14,0.723741949804942,1.02154338503309,1.39167689483898,2023-06-14
"76","Napa",2023-06-15,0.729225904876361,1.02808754337889,1.39928066316609,2023-06-15
"77","Napa",2023-06-16,0.735510696504061,1.03544740382877,1.40765333399336,2023-06-16
"78","Napa",2023-06-17,0.741765009929856,1.04261657370912,1.41560787315995,2023-06-17
"79","Napa",2023-06-18,0.74813022106323,1.0497504396075,1.42330870594157,2023-06-18
"80","Napa",2023-06-19,0.754421181732056,1.05662477141418,1.43049190618784,2023-06-19
"81","Napa",2023-06-20,0.760233356389179,1.06275903969694,1.43660198494433,2023-06-20
"82","Napa",2023-06-21,0.765693957756503,1.06831144614246,1.44183177191612,2023-06-21
"83","Napa",2023-06-22,0.770362868245281,1.07277333165516,1.44561043567135,2023-06-22
"84","Napa",2023-06-23,0.774482350788014,1.07644975599061,1.44831361639862,2023-06-23
"85","Napa",2023-06-24,0.778346705431965,1.07971101462829,1.45039734490396,2023-06-24
"86","Napa",2023-06-25,0.781593428338225,1.08214707042114,1.45141242530864,2023-06-25
"87","Napa",2023-06-26,0.784418718122935,1.08400647787875,1.4516667680701,2023-06-26
"88","Napa",2023-06-27,0.787771367029282,1.08642635763787,1.45249346985299,2023-06-27
"89","Napa",2023-06-28,0.791172316602047,1.08885015325999,1.45326310131035,2023-06-28
"90","Napa",2023-06-29,0.794611522543539,1.09126492834881,1.45395981460602,2023-06-29
"91","Napa",2023-06-30,0.797249535689069,1.09268361019476,1.45344924114533,2023-06-30
"92","Napa",2023-07-01,0.798141988998357,1.09200461059526,1.45047482520924,2023-07-01
"93","Napa",2023-07-02,0.797349317723319,1.08932419787265,1.44517716094216,2023-07-02
"94","Napa",2023-07-03,0.794773175205272,1.08456616735403,1.43751664487051,2023-07-03
"95","Napa",2023-07-04,0.790480237005953,1.07785134527764,1.42768427200842,2023-07-04
"96","Napa",2023-07-05,0.785195222408274,1.07007161166783,1.41675539529553,2023-07-05
"97","Napa",2023-07-06,0.779705850245153,1.06218623806756,1.40587514795128,2023-07-06
"98","Napa",2023-07-07,0.774439781946253,1.05471801746158,1.39567014029443,2023-07-07
"99","Napa",2023-07-08,0.770802215489419,1.04931938061515,1.38804250434251,2023-07-08
"100","Napa",2023-07-09,0.769249814172795,1.04651406277086,1.38357877920239,2023-07-09
"101","Napa",2023-07-10,0.769429968479916,1.04585511319431,1.3817243103268,2023-07-10
"102","Napa",2023-07-11,0.770280482792864,1.04605416520025,1.38094661437012,2023-07-11
"103","Napa",2023-07-12,0.770908567004452,1.04602755104545,1.37995518619522,2023-07-12
"104","Napa",2023-07-13,0.771007808189002,1.04539581708689,1.37828863474915,2023-07-13
"105","Napa",2023-07-14,0.771344394609915,1.04505081235237,1.37696275180967,2023-07-14
"106","Napa",2023-07-15,0.771769179114265,1.04482019764356,1.37578286337387,2023-07-15
"107","Napa",2023-07-16,0.771799246089907,1.04413762867743,1.37409819183125,2023-07-16
"108","Napa",2023-07-17,0.77175304083144,1.04337485227976,1.37233358752198,2023-07-17
"109","Napa",2023-07-18,0.772514309470117,1.043567111938,1.37167740914624,2023-07-18
"110","Napa",2023-07-19,0.774134408257963,1.04477181382105,1.372192556317,2023-07-19
"111","Napa",2023-07-20,0.776856184684965,1.04725813367274,1.37416957035566,2023-07-20
"112","Napa",2023-07-21,0.780765321794056,1.05110537552908,1.37767416664642,2023-07-21
"113","Napa",2023-07-22,0.785263595188515,1.05559142130488,1.38185132861239,2023-07-22
"114","Napa",2023-07-23,0.790303397694041,1.0606364200206,1.38658021618233,2023-07-23
"115","Napa",2023-07-24,0.796361796755653,1.0667765636555,1.39245018413619,2023-07-24
"116","Napa",2023-07-25,0.802912977962151,1.07338305969273,1.39872413151342,2023-07-25
"117","Napa",2023-07-26,0.810037195299175,1.08053026430252,1.40546477791908,2023-07-26
"118","Napa",2023-07-27,0.8175605711751,1.08800220068747,1.41241024585575,2023-07-27
"119","Napa",2023-07-28,0.824804184251532,1.09500203101459,1.41864299911503,2023-07-28
"120","Napa",2023-07-29,0.831803290559494,1.10156734330383,1.4242025528639,2023-07-29
"121","Napa",2023-07-30,0.838581690094096,1.10773136386401,1.42913459196596,2023-07-30
"122","Napa",2023-07-31,0.845207174137345,1.11358106507154,1.43354944905486,2023-07-31
"123","Napa",2023-08-01,0.85142343338625,1.11883089491831,1.43713662926745,2023-08-01
"124","Napa",2023-08-02,0.857405482289632,1.1236929313986,1.44014972647718,2023-08-02
"125","Napa",2023-08-03,0.863285419437752,1.12833076950459,1.44278882176487,2023-08-03
"126","Napa",2023-08-04,0.869196282935637,1.13290660096433,1.44524953100073,2023-08-04
"127","Napa",2023-08-05,0.874509143366925,1.1367078362684,1.44673880153978,2023-08-05
"128","Napa",2023-08-06,0.878747812740427,1.13920063167048,1.4466683225419,2023-08-06
"129","Napa",2023-08-07,0.88199511158195,1.14049902928018,1.4451890387497,2023-08-07
"130","Napa",2023-08-08,0.884920636952809,1.14139102320397,1.4432149894595,2023-08-08
"131","Napa",2023-08-09,0.887374663632842,1.14172688782481,1.44060318909837,2023-08-09
"132","Napa",2023-08-10,0.88938838468771,1.14155663147519,1.43742674977263,2023-08-10
"133","Napa",2023-08-11,0.891323048706707,1.14130279949984,1.43417309123951,2023-08-11
"134","Napa",2023-08-12,0.894042040578578,1.14195235319261,1.43195539463655,2023-08-12
"135","Napa",2023-08-13,0.897490417793292,1.14344051816951,1.4306991359421,2023-08-13
"136","Napa",2023-08-14,0.901436089309239,1.14549275013701,1.43008423750777,2023-08-14
"137","Napa",2023-08-15,0.906759788646358,1.14908963984842,1.43118757876545,2023-08-15
"138","Napa",2023-08-16,0.913924815307839,1.15473394979316,1.43454746788273,2023-08-16
"139","Napa",2023-08-17,0.92227379888889,1.1616550177613,1.4392734018218,2023-08-17
"140","Napa",2023-08-18,0.930459070538024,1.16830713282402,1.44361414102827,2023-08-18
"141","Napa",2023-08-19,0.936578996969481,1.17254258874506,1.44517166545095,2023-08-19
"142","Napa",2023-08-20,0.94004465730559,1.17371781826846,1.44325018348257,2023-08-20
"143","Napa",2023-08-21,0.941412102833333,1.17249707958598,1.43863170140958,2023-08-21
"144","Napa",2023-08-22,0.939853998824051,1.16800553070384,1.43040590860951,2023-08-22
"145","Napa",2023-08-23,0.934326088669287,1.1591292661952,1.41740084819226,2023-08-23
"146","Napa",2023-08-24,0.925171371051372,1.14631059417312,1.40017153155412,2023-08-24
"147","Napa",2023-08-25,0.913006967071707,1.13029993894501,1.37961671834762,2023-08-25
"148","Napa",2023-08-26,0.899773736471481,1.11331415832277,1.35824280366316,2023-08-26
"149","Napa",2023-08-27,0.886186203961521,1.09618545108066,1.33700913860604,2023-08-27
"150","Napa",2023-08-28,0.87125854202514,1.07782856739313,1.31473447789874,2023-08-28
"151","Napa",2023-08-29,0.855088959891734,1.05835554808345,1.29154560503095,2023-08-29
"152","Napa",2023-08-30,0.838048249631891,1.03818438211556,1.26790986137411,2023-08-30
"153","Napa",2023-08-31,0.821688575653032,1.01905070399045,1.24574882921231,2023-08-31
"154","Napa",2023-09-01,0.805267244047506,1.0001248957824,1.22414682944013,2023-09-01
"155","Napa",2023-09-02,0.789446308273653,0.98213499680332,1.2038962337671,2023-09-02
"156","Napa",2023-09-03,0.774280549730636,0.965132510832335,1.18504389679308,2023-09-03
"157","Napa",2023-09-04,0.760070309411429,0.949441156569598,1.16793476226719,2023-09-04
"158","Napa",2023-09-05,0.747048597581052,0.935309220717982,1.15282982392947,2023-09-05
"159","Napa",2023-09-06,0.735760189879708,0.923334221178272,1.14037606828478,2023-09-06
"160","Napa",2023-09-07,0.724952086567975,0.912092716081528,1.12897517529433,2023-09-07
"161","Napa",2023-09-08,0.716129386283747,0.903258035272054,1.12046388901925,2023-09-08
"162","Napa",2023-09-09,0.708913962810241,0.896393957637161,1.11434406378419,2023-09-09
"163","Napa",2023-09-10,0.703457065055372,0.891652526360275,1.11076226351621,2023-09-10
"164","Napa",2023-09-11,0.699936237191662,0.889215108556976,1.10989668543323,2023-09-11
"165","Napa",2023-09-12,0.698125040218686,0.888804623422103,1.11141154738091,2023-09-12
"166","Napa",2023-09-13,0.69754684599876,0.889857092391307,1.11464640461906,2023-09-13
"167","Napa",2023-09-14,0.698296819672736,0.892455612947254,1.11966332100013,2023-09-14
"168","Napa",2023-09-15,0.700138833021262,0.896310781898735,1.12611139809795,2023-09-15
"169","Napa",2023-09-16,0.702450222030625,0.900694017779076,1.13314797283545,2023-09-16
"170","Napa",2023-09-17,0.705816110518424,0.906250230828005,1.14147062786245,2023-09-17
"171","Napa",2023-09-18,0.710265621188887,0.912998004100164,1.15108152497502,2023-09-18
"172","Napa",2023-09-19,0.715090482687574,0.920113931093539,1.16103517184143,2023-09-19
"173","Napa",2023-09-20,0.721255952022797,0.928677568818469,1.17251864278502,2023-09-20
"174","Napa",2023-09-21,0.728090503131042,0.937909138417535,1.18463787182942,2023-09-21
"175","Napa",2023-09-22,0.734762905406592,0.946841598428199,1.19628256144532,2023-09-22
"176","Napa",2023-09-23,0.74120486442258,0.955381828858344,1.20732942996005,2023-09-23
"177","Napa",2023-09-24,0.746540761621481,0.962527395265013,1.21664724900972,2023-09-24
"178","Napa",2023-09-25,0.75069073738215,0.968189765886084,1.2241396631676,2023-09-25
"179","Napa",2023-09-26,0.755060525326299,0.973983533433906,1.23163481161663,2023-09-26
"180","Napa",2023-09-27,0.75968699530909,0.979965611336333,1.2392146176418,2023-09-27
"181","Napa",2023-09-28,0.764624753784699,0.986201918200952,1.24695757079573,2023-09-28
"182","Napa",2023-09-29,0.769184739822067,0.991906213047607,1.25397976229784,2023-09-29
"183","Napa",2023-09-30,0.773726598322093,0.997486753853846,1.26073769009442,2023-09-30
"184","Napa",2023-10-01,0.778268038388611,1.00296679533151,1.26726131114142,2023-10-01
"185","Napa",2023-10-02,0.782698148097639,1.00822214919775,1.27341399102635,2023-10-02
"186","Napa",2023-10-03,0.786646394956758,1.0128330858222,1.27872755820537,2023-10-03
"187","Napa",2023-10-04,0.788242041305424,1.01467583274292,1.28082665608551,2023-10-04
"188","Napa",2023-10-05,0.788108043131698,1.0144748425476,1.28054232906749,2023-10-05
"189","Napa",2023-10-06,0.787578781839419,1.01378053454259,1.27965192800735,2023-10-06
"190","Napa",2023-10-07,0.786699642564821,1.01267366255638,1.27828137790804,2023-10-07
"191","Napa",2023-10-08,0.785435592761039,1.01113065184183,1.27642404664915,2023-10-08
"192","Napa",2023-10-09,0.784112181399326,1.00953262132102,1.27452026211662,2023-10-09
"193","Napa",2023-10-10,0.782486539295398,1.0076109572741,1.27227827583192,2023-10-10
"194","Napa",2023-10-11,0.781147397055595,1.00604019686902,1.27046003495868,2023-10-11
"195","Napa",2023-10-12,0.780721673242854,1.00553708157413,1.26987322415857,2023-10-12
"196","Napa",2023-10-13,0.781528681539256,1.00646079613834,1.27091548152534,2023-10-13
"197","Napa",2023-10-14,0.78308179561702,1.00824388119989,1.27293392955615,2023-10-14
"198","Napa",2023-10-15,0.785764213785591,1.01130387522581,1.27637436037611,2023-10-15
"199","Napa",2023-10-16,0.789255572475752,1.01525835731708,1.28078648671183,2023-10-16
"200","Napa",2023-10-17,0.793422061496403,1.01993556780741,1.2859543265317,2023-10-17
"201","Napa",2023-10-18,0.797921468530512,1.02492931928734,1.29140231233446,2023-10-18
"202","Napa",2023-10-19,0.801947143351944,1.0293098206486,1.29607332474439,2023-10-19
"203","Napa",2023-10-20,0.804781522137482,1.03225706937344,1.29904318162543,2023-10-20
"204","Napa",2023-10-21,0.806827828375692,1.03423665275444,1.30084218333293,2023-10-21
"205","Napa",2023-10-22,0.807989757992821,1.03515593110709,1.30138674010219,2023-10-22
"206","Napa",2023-10-23,0.808174684181287,1.03492710781001,1.30059942203796,2023-10-23
"207","Napa",2023-10-24,0.807214082405852,1.03337728620945,1.29830878671019,2023-10-24
"208","Napa",2023-10-25,0.807220902895191,1.03292284874792,1.29724104989064,2023-10-25
"209","Napa",2023-10-26,0.808057725296889,1.03342079797782,1.29725208956145,2023-10-26
"210","Napa",2023-10-27,0.809474462995332,1.03458171191487,1.2980114311277,2023-10-27
"211","Napa",2023-10-28,0.811616470686931,1.03655887669055,1.29967677183133,2023-10-28
"212","Napa",2023-10-29,0.814250619804232,1.03907618955508,1.30192542017493,2023-10-29
"213","Napa",2023-10-30,0.817762295454177,1.04255759345072,1.30521618168795,2023-10-30
"214","Napa",2023-10-31,0.82288989885717,1.04782569807789,1.31045237148834,2023-10-31
"215","Napa",2023-11-01,0.827945827904048,1.05295259648581,1.3154605571192,2023-11-01
"216","Napa",2023-11-02,0.832472033065725,1.05740224470634,1.31962098593016,2023-11-02
"217","Napa",2023-11-03,0.837237861764633,1.06204020594079,1.32389447381099,2023-11-03
"218","Napa",2023-11-04,0.840918970133538,1.06537452276891,1.32662268538229,2023-11-04
"219","Napa",2023-11-05,0.843454052115391,1.06734240221631,1.32774294229337,2023-11-05
"220","Napa",2023-11-06,0.844313619307998,1.06736435484041,1.32663071546776,2023-11-06
"221","Napa",2023-11-07,0.843167273468131,1.06509256226838,1.32292765714373,2023-11-07
"222","Napa",2023-11-08,0.840333457742992,1.06091695302019,1.31710417014596,2023-11-08
"223","Napa",2023-11-09,0.83702898494223,1.05624144886955,1.31076129737728,2023-11-09
"224","Napa",2023-11-10,0.833273940516385,1.05111536771865,1.30398568239467,2023-11-10
"225","Napa",2023-11-11,0.829779092541096,1.04635327347478,1.29770003196587,2023-11-11
"226","Napa",2023-11-12,0.826685906914704,1.04212115607472,1.29209691398724,2023-11-12
"227","Napa",2023-11-13,0.82392564601749,1.03833989460833,1.28708624566985,2023-11-13
"228","Napa",2023-11-14,0.821763330150518,1.03530177018707,1.28298573269396,2023-11-14
"229","Napa",2023-11-15,0.820098712252356,1.03288622115763,1.27965211054167,2023-11-15
"230","Napa",2023-11-16,0.818892505421744,1.03103906960374,1.27701324613273,2023-11-16
"231","Napa",2023-11-17,0.817287813557444,1.02878682206964,1.27397599155278,2023-11-17
"232","Napa",2023-11-18,0.815763808609809,1.02666189601449,1.27112398319079,2023-11-18
"233","Napa",2023-11-19,0.814107437981657,1.0244243050111,1.26819013627,2023-11-19
"234","Napa",2023-11-20,0.813004992469954,1.02284483528296,1.2660294869496,2023-11-20
"235","Napa",2023-11-21,0.812313137676716,1.02176056253245,1.26445899413847,2023-11-21
"236","Napa",2023-11-22,0.812785227297461,1.02201165440067,1.26440368203607,2023-11-22
"237","Napa",2023-11-23,0.814438643780573,1.02360739150705,1.26586177791122,2023-11-23
"238","Napa",2023-11-24,0.817399778577337,1.02667252292299,1.26895142186123,2023-11-24
"239","Napa",2023-11-25,0.822061131113875,1.03162682310719,1.27411378284705,2023-11-25
"240","Napa",2023-11-26,0.828810987067088,1.03888063045574,1.28177446601038,2023-11-26
"241","Napa",2023-11-27,0.837203156830061,1.0479012016463,1.29130589332474,2023-11-27
"242","Napa",2023-11-28,0.846626451779585,1.05796798606209,1.30186905525236,2023-11-28
"243","Napa",2023-11-29,0.855848915256745,1.06767153471333,1.31186942714453,2023-11-29
"244","Napa",2023-11-30,0.864747356357041,1.07685775091678,1.32111786494457,2023-11-30
"245","Napa",2023-12-01,0.873447452635598,1.08566535593589,1.32976632342891,2023-12-01
"246","Napa",2023-12-02,0.881921711998149,1.09406812134558,1.33779195895884,2023-12-02
"247","Napa",2023-12-03,0.890405143541502,1.10233443505571,1.34549918095359,2023-12-03
"248","Napa",2023-12-04,0.899530069833421,1.11117434180114,1.3536784772067,2023-12-04
"249","Napa",2023-12-05,0.906766525046129,1.11777376801726,1.35923334075064,2023-12-05
"250","Napa",2023-12-06,0.91240121421732,1.12246296801252,1.36253990659901,2023-12-06
"251","Napa",2023-12-07,0.915889985369005,1.12466632325703,1.36299826535568,2023-12-07
"252","Napa",2023-12-08,0.918423300691154,1.12574022291458,1.36213935223547,2023-12-08
"253","Napa",2023-12-09,0.916406374781635,1.12173428401446,1.35566576449271,2023-12-09
"254","Napa",2023-12-10,0.910010374466774,1.11288143260423,1.34388112285225,2023-12-10
"255","Napa",2023-12-11,0.899372192916374,1.09939575875573,1.32709158517359,2023-12-11
"256","Napa",2023-12-12,0.888361389138053,1.08562593697003,1.31014097949906,2023-12-12
"257","Napa",2023-12-13,0.878666572051096,1.0734891983198,1.29518768323575,2023-12-13
"258","Napa",2023-12-14,0.870080094386518,1.06276710043871,1.28200548287571,2023-12-14
"259","Napa",2023-12-15,0.861522733352733,1.05225332320439,1.26925780404012,2023-12-15
"260","Napa",2023-12-16,0.855919825024995,1.04517147926466,1.26046259665616,2023-12-16
"261","Napa",2023-12-17,0.853440561756705,1.04169151159695,1.25578612140395,2023-12-17
"262","Napa",2023-12-18,0.853407592917035,1.04102653515715,1.25432237945028,2023-12-18
"263","Napa",2023-12-19,0.854515529621056,1.0416887038922,1.25438979268732,2023-12-19
"264","Napa",2023-12-20,0.855541990235815,1.04228953808786,1.25442418348442,2023-12-20
"265","Napa",2023-12-21,0.856750610032257,1.04309898219454,1.25469608749741,2023-12-21
"266","Napa",2023-12-22,0.858393975088456,1.04438720753957,1.25549096929169,2023-12-22
"267","Napa",2023-12-23,0.860169494035135,1.04581353713036,1.25642850699484,2023-12-23
"268","Napa",2023-12-24,0.861631900379937,1.04688054062685,1.25695764514809,2023-12-24
"269","Napa",2023-12-25,0.86300207332365,1.04783011667594,1.25734075781053,2023-12-25
"270","Napa",2023-12-26,0.864254028092261,1.04863515118919,1.25755001403023,2023-12-26
"271","Napa",2023-12-27,0.865360300538917,1.04926708668084,1.25755620819175,2023-12-27
"272","Napa",2023-12-28,0.866293545611171,1.0496977841576,1.25733090961371,2023-12-28
"273","Napa",2023-12-29,0.867028542057107,1.04990185680397,1.25684915633942,2023-12-29
"274","Napa",2023-12-30,0.867543091425637,1.04985764785725,1.25609050880729,2023-12-30
"275","Napa",2023-12-31,0.867818642119273,1.04954786896003,1.2550396909574,2023-12-31
"276","Napa",2024-01-01,0.867840764164841,1.04896005832964,1.25368701706462,2024-01-01
"277","Napa",2024-01-02,0.867599479360279,1.04808687112348,1.25202862613241,2024-01-02
"278","Napa",2024-01-03,0.867089426486521,1.04692618360212,1.2500665082061,2024-01-03
"279","Napa",2024-01-04,0.86630984431753,1.04548099532747,1.24780830896835,2024-01-04
"280","Napa",2024-01-05,0.865264368278505,1.04375912797242,1.24526691449647,2024-01-05
"281","Napa",2024-01-06,0.863960652680138,1.04177273691842,1.24245983716476,2024-01-06
"282","Napa",2024-01-07,0.86240984559685,1.03953766819255,1.23940844124026,2024-01-07
"283","Napa",2024-01-08,0.860625955205824,1.03707270571831,1.23613705973157,2024-01-08
"284","Napa",2024-01-09,0.858625153357502,1.03439876082575,1.23267206092087,2024-01-09
"285","Napa",2024-01-10,0.856425063847764,1.03153805706524,1.22904092336385,2024-01-10
"286","Napa",2024-01-11,0.854044079675132,1.02851335908573,1.22527137261479,2024-01-11
"287","Napa",2024-01-12,0.851500746487007,1.02534728584873,1.22139062289196,2024-01-12
"288","Napa",2024-01-13,0.848813239805353,1.0220617373026,1.21742475410026,2024-01-13
"289","Napa",2024-01-14,0.845998952924441,1.01867745147,1.21339824089072,2024-01-14
"290","Napa",2024-01-15,0.843074201901962,1.01521369715309,1.20933363735395,2024-01-15
"291","Napa",2024-01-16,0.840054044835503,1.01168809724336,1.20525140971414,2024-01-16
"292","Napa",2024-01-17,0.836952205278266,1.00811656962411,1.20116990073623,2024-01-17
"293","Napa",2024-01-18,0.833781084489326,1.00451336715793,1.19710540375475,2024-01-18
"294","Napa",2024-01-19,0.830551844220179,1.00089119520641,1.19307232118443,2024-01-19
"295","Napa",2024-01-20,0.827274540678898,0.997261384247838,1.18908338172765,2024-01-20
"296","Napa",2024-01-21,0.8239582908267,0.993634096016557,1.18514989175891,2024-01-21
"297","Napa",2024-01-22,0.820611453840368,0.990018543713119,1.18128199900198,2024-01-22
"298","Napa",2024-01-23,0.817241813017936,0.986423209773349,1.17748895010738,2024-01-23
"299","Napa",2024-01-24,0.813856746260026,0.982856048037079,1.1737793276399,2024-01-24
"300","Napa",2024-01-25,0.810463376235163,0.97932466060099,1.17016125594134,2024-01-25
"301","Napa",2024-01-26,0.807068694211954,0.9758364429302,1.16664256907352,2024-01-26
"302","Napa",2024-01-27,0.803679654156358,0.972398693768896,1.16323093738919,2024-01-27
"303","Napa",2024-01-28,0.800303235945572,0.969018688923254,1.15993395210912,2024-01-28
"304","Napa",2024-01-29,0.796946478384793,0.965703720033418,1.15675916954669,2024-01-29
"305","Napa",2024-01-30,0.793616484109391,0.962461100989593,1.15371411830715,2024-01-30
"306","Napa",2024-01-31,0.790320399422759,0.959298145697033,1.15080627392079,2024-01-31
"307","Napa",2024-02-01,0.787065372692716,0.956222121498063,1.1480430060002,2024-02-01
"308","Napa",2024-02-02,0.783858495158493,0.953240182777786,1.14543150321459,2024-02-02
"309","Napa",2024-02-03,0.780706727951647,0.950359289189978,1.14297868123574,2024-02-03
"310","Napa",2024-02-04,0.777616818881961,0.947586112625773,1.14069107842753,2024-02-04
"311","Napa",2024-02-05,0.774595212161419,0.944926936598304,1.13857474352313,2024-02-05
"312","Napa",2024-02-06,0.771647953811596,0.942387551216733,1.13663511895622,2024-02-06
"313","Napa",2024-02-07,0.768780595090484,0.939973146449319,1.13487692296888,2024-02-07
"314","Napa",2024-02-08,0.765998095939382,0.937688205988529,1.133304033177,2024-02-08
"315","Napa",2024-02-09,0.763304730227369,0.935536403774469,1.13191937398016,2024-02-09
"316","Napa",2024-02-10,0.76070399447899,0.93352050512504,1.13072481007647,2024-02-10
"317","Napa",2024-02-11,0.758198521808811,0.931642274460784,1.12972104838117,2024-02-11
"318","Napa",2024-02-12,0.75579000293452,0.929902391774598,1.12890755082069,2024-02-12
"319","Napa",2024-02-13,0.753479116363391,0.928300380241531,1.12828246073622,2024-02-13
"320","Napa",2024-02-14,0.75126547010022,0.926834547639611,1.12784254592252,2024-02-14
"321","Napa",2024-02-15,0.749147557459673,0.925501944503346,1.12758316158474,2024-02-15
"322","Napa",2024-02-16,0.747122729735643,0.924298342103427,1.12749823665867,2024-02-16
"323","Napa",2024-02-17,0.745187188545828,0.923218233395151,1.12758028695653,2024-02-17
"324","Napa",2024-02-18,0.743336000603523,0.922254859972139,1.12782045843651,2024-02-18
"325","Napa",2024-02-19,0.741563137455916,0.921400267784988,1.12820860353248,2024-02-19
"326","Napa",2024-02-20,0.739861542367116,0.920645393935137,1.12873339291844,2024-02-20
"327","Napa",2024-02-21,0.738223226022999,0.919980186243254,1.12938246433733,2024-02-21
"328","Napa",2024-02-22,0.736639392108937,0.919393756537831,1.13014260921645,2024-02-22
"329","Napa",2024-02-23,0.735100593077925,0.918874567735715,1.13099999675245,2024-02-23
"330","Napa",2024-02-24,0.733596915602101,0.918410653813348,1.13194043400383,2024-02-24
"331","Napa",2024-02-25,0.732118194297758,0.9179898707127,1.13294965930095,2024-02-25
"332","Napa",2024-02-26,0.730654251341786,0.917600175102639,1.13401366499166,2024-02-26
"333","Napa",2024-02-27,0.72919515856318,0.917229926734856,1.13511904419898,2024-02-27
"334","Napa",2024-02-28,0.727731517506178,0.916868208906218,1.13625335489212,2024-02-28
"335","Napa",2024-02-29,0.726254751838329,0.916505160286329,1.13740549318802,2024-02-29
"336","Napa",2024-03-01,0.724757405346954,0.916132310123484,1.13856606644516,2024-03-01
"337","Napa",2024-03-02,0.723233437676973,0.915742907655575,1.13972775544145,2024-03-02
"338","Napa",2024-03-03,0.72167850897639,0.915332235495778,1.14088565382298,2024-03-03
"339","Napa",2024-03-04,0.720090243813285,0.914897895924771,1.14203757216603,2024-03-04
"340","Napa",2024-03-05,0.718468464200839,0.914440058501374,1.1431842935206,2024-03-05
"341","Napa",2024-03-06,0.716815381406488,0.913961657302876,1.14432976730928,2024-03-06
"342","Napa",2024-03-07,0.715135736509025,0.913468526513709,1.14548122903713,2024-03-07
"343","Napa",2024-03-08,0.713436880461657,0.912969464060142,1.14664923449379,2024-03-08
"344","Napa",2024-03-09,0.711728785744119,0.912476214565886,1.14784759902673,2024-03-09
"345","Napa",2024-03-10,0.710023983526127,0.912003365059504,1.14909323501091,2024-03-10
"346","Napa",2024-03-11,0.708337422556615,0.911568149531732,1.15040588375934,2024-03-11
"347","Napa",2024-03-12,0.706686248636109,0.911190161506234,1.15180774168552,2024-03-12
"348","Napa",2024-03-13,0.705089506387884,0.910890977101545,1.15332298437755,2024-03-13
"349","Napa",2024-03-14,0.703567767961797,0.91069369445325,1.15497719618368,2024-03-14
"350","Napa",2024-03-15,0.70214269612247,0.910622398656362,1.15679671674392,2024-03-15
"351","Napa",2024-03-16,0.700836551741475,0.910701564411695,1.15880791944478,2024-03-16
"352","Napa",2024-03-17,0.699671657906838,0.910955411176195,1.16103643986475,2024-03-17
"353","Napa",2024-03-18,0.698669834593473,0.911407227721697,1.16350637479427,2024-03-18
"354","Napa",2024-03-19,0.697851819056504,0.91207868453721,1.16623947427574,2024-03-19
"355","Napa",2024-03-20,0.697236687808047,0.912989153446193,1.16925435027988,2024-03-20
"356","Napa",2024-03-21,0.696841296244336,0.914155054167478,1.17256572611254,2024-03-21
"357","Napa",2024-03-22,0.696679751757639,0.915589247367942,1.17618375045581,2024-03-22
"358","Napa",2024-03-23,0.696762935564101,0.917300493091557,1.18011339912769,2024-03-23
"359","Napa",2024-03-24,0.697098087573312,0.919292992359426,1.18435398623581,2024-03-24
"360","Napa",2024-03-25,0.697688467476741,0.921566028264729,1.18889880443601,2024-03-25
"361","Napa",2024-03-26,0.698533103878283,0.924113721063113,1.19373491150345,2024-03-26
"362","Napa",2024-03-27,0.699626641743182,0.92692490958787,1.19884307738632,2024-03-27
"363","Napa",2024-03-28,0.700959296685949,0.929983168783944,1.20419790232764,2024-03-28
"364","Napa",2024-03-29,0.702516922613344,0.933266970222329,1.20976811249727,2024-03-29
"365","Napa",2024-03-30,0.704281196928387,0.936749989087528,1.21551703486378,2024-03-30
"366","Napa",2024-03-31,0.706229924824626,0.940401557294129,1.22140324777203,2024-03-31
"367","Napa",2024-04-01,0.708337461106679,0.944187258076451,1.22738139792841,2024-04-01
"368","Napa",2024-04-02,0.710575244442363,0.948069652641399,1.23340316834144,2024-04-02
"369","Napa",2024-04-03,0.71291243500911,0.952009124369804,1.23941837539277,2024-04-03
"370","Napa",2024-04-04,0.715316642230707,0.955964820756743,1.24537616687285,2024-04-04
"371","Napa",2024-04-05,0.717754724870584,0.959895668033099,1.25122628682797,2024-04-05
"372","Napa",2024-04-06,0.720193641392081,0.96376142851973,1.25692036781872,2024-04-06
"373","Napa",2024-04-07,0.72260132452033,0.96752376660211,1.2624132071147,2024-04-07
"374","Napa",2024-04-08,0.724947550699835,0.971147286180402,1.26766398088474,2024-04-08
"375","Napa",2024-04-09,0.727204773008936,0.974600500945325,1.27263734999126,2024-04-09
"376","Napa",2024-04-10,0.729348885413381,0.977856699197131,1.27730441287591,2024-04-10
"377","Napa",2024-04-11,0.731359887287618,0.980894667400024,1.28164346540408,2024-04-11
"378","Napa",2024-04-12,0.73322242005184,0.983699241327935,1.28564053440186,2024-04-12
"379","Napa",2024-04-13,0.734926152550082,0.986261660397199,1.28928966073084,2024-04-13
"380","Napa",2024-04-14,0.736465998230057,0.98857970927782,1.29259291863998,2024-04-14
"381","Napa",2024-04-15,0.737842154897821,0.990657640612586,1.29556017014121,2024-04-15
"382","Napa",2024-04-16,0.739059966276139,0.992505882984311,1.29820856546278,2024-04-16
"383","Napa",2024-04-17,0.740129613163901,0.994140548402695,1.30056181236299,2024-04-17
"384","Napa",2024-04-18,0.741065650018094,0.995582762778982,1.30264924738935,2024-04-18
"385","Napa",2024-04-19,0.741886409654328,0.996857850449551,1.30450475032275,2024-04-19
"386","Napa",2024-04-20,0.742613304003913,0.997994409292159,1.30616554854095,2024-04-20
"387","Napa",2024-04-21,0.743270052166917,0.99902331605875,1.30767096061349,2024-04-21
"388","Napa",2024-04-22,0.743881868254758,0.999976702172021,1.30906112812119,2024-04-22
"389","Napa",2024-04-23,0.744474640814466,1.00088693857054,1.31037578174857,2024-04-23
"390","Napa",2024-04-24,0.745074133231575,1.00178566459801,1.31165308259891,2024-04-24
"391","Napa",2024-04-25,0.745705230803373,1.00270289090089,1.31292857303167,2024-04-25
"392","Napa",2024-04-26,0.746391255607316,1.0036662003712,1.31423426377009,2024-04-26
"393","Napa",2024-04-27,0.74715336531649,1.00470006488516,1.31559787620132,2024-04-27
"394","Napa",2024-04-28,0.748010047149207,1.00582528942198,1.31704225123504,2024-04-28
"395","Napa",2024-04-29,0.748976713520324,1.00705858948078,1.3185849292209,2024-04-29
"396","Napa",2024-04-30,0.750065401928464,1.00841230280804,1.32023789953223,2024-04-30
"397","Napa",2024-05-01,0.751284578304997,1.00989423244845,1.32200751364523,2024-05-01
"398","Napa",2024-05-02,0.752639040512162,1.01150761507081,1.32389455190179,2024-05-02
"399","Napa",2024-05-03,0.754129916873973,1.01325120634484,1.325894431561,2024-05-03
"400","Napa",2024-05-04,0.755754753459614,1.01511947373347,1.32799754207385,2024-05-04
"401","Napa",2024-05-05,0.757507683179623,1.01710288625835,1.33018969256812,2024-05-05
"402","Napa",2024-05-06,0.759379669445165,1.01918829041295,1.33245265610176,2024-05-06
"403","Napa",2024-05-07,0.761358817020827,1.02135936125917,1.33476479513216,2024-05-07
"404","Napa",2024-05-08,0.763430742623927,1.02359711768522,1.33710175267684,2024-05-08
"405","Napa",2024-05-09,0.765578997662566,1.02588049068866,1.33943719366157,2024-05-09
"406","Napa",2024-05-10,0.767785535166879,1.0281869332818,1.34174358086312,2024-05-10
"407","Napa",2024-05-11,0.770031212397795,1.03049306014074,1.34399296959974,2024-05-11
"408","Napa",2024-05-12,0.772296319802712,1.03277530442919,1.3461578049015,2024-05-12
"409","Napa",2024-05-13,0.774561125960229,1.03501057836371,1.34821170435183,2024-05-13
"410","Napa",2024-05-14,0.776806426991769,1.03717692313617,1.3501302092254,2024-05-14
"411","Napa",2024-05-15,0.779014087730371,1.03925413289679,1.35189148608926,2024-05-15
"412","Napa",2024-05-16,0.781167560868472,1.04122433678022,1.35347696084083,2024-05-16
"413","Napa",2024-05-17,0.783252369515951,1.04307252259437,1.3548718673957,2024-05-17
"414","Napa",2024-05-18,0.785256538245544,1.04478698594606,1.35606569406545,2024-05-18
"415","Napa",2024-05-19,0.787170957926034,1.04635968938755,1.3570525122074,2024-05-19
"416","Napa",2024-05-20,0.788989670549671,1.04778651772489,1.35783117405838,2024-05-20
"417","Napa",2024-05-21,0.790710061904058,1.04906741796974,1.35840536979651,2024-05-21
"418","Napa",2024-05-22,0.792332952314135,1.0502064155084,1.35878353774493,2024-05-22
"419","Napa",2024-05-23,0.79386257871553,1.05121150180312,1.35897862610748,2024-05-23
"420","Napa",2024-05-24,0.795306464883875,1.05209439316665,1.35900770950802,2024-05-24
"421","Napa",2024-05-25,0.796675180552328,1.05287016464603,1.35889146864826,2024-05-25
"422","Napa",2024-05-26,0.797981994184594,1.05355676756978,1.3586535463315,2024-05-26
"423","Napa",2024-05-27,0.799242428103852,1.05417444360365,1.35831979765144,2024-05-27
"424","Napa",2024-05-28,0.800473728289045,1.05474505198692,1.3579174560709,2024-05-28
"425","Napa",2024-05-29,0.801694264248711,1.05529132978858,1.35747424021577,2024-05-29
"426","Napa",2024-05-30,0.802922876824427,1.05583610738636,1.3570174283484,2024-05-30
"427","Napa",2024-05-31,0.804178193471925,1.05640150285092,1.3565729285931,2024-05-31
"428","Napa",2024-06-01,0.805477931488448,1.05700811949711,1.35616437306715,2024-06-01
"429","Napa",2024-06-02,0.806838209825669,1.05767427058562,1.35581226318584,2024-06-02
"430","Napa",2024-06-03,0.808272889622497,1.05841525411621,1.35553319167541,2024-06-03
"431","Napa",2024-06-04,0.809792962520234,1.05924269897452,1.35533916439284,2024-06-04
"432","Napa",2024-06-05,0.811406004314554,1.06016400152948,1.35523704208731,2024-06-05
"433","Napa",2024-06-06,0.81311570969215,1.06118186928187,1.3552281189207,2024-06-06
"434","Napa",2024-06-07,0.81492152182516,1.06229398548496,1.35530785106162,2024-06-07
"435","Napa",2024-06-08,0.816818368564474,1.06349280592236,1.35546574512431,2024-06-08
"436","Napa",2024-06-09,0.8187965149642,1.0647654963312,1.35568541275607,2024-06-09
"437","Napa",2024-06-10,0.820841539924028,1.06609401635574,1.35594479435463,2024-06-10
"438","Napa",2024-06-11,0.822934442847179,1.06745535341205,1.3562165517438,2024-06-11
"439","Napa",2024-06-12,0.82505188432039,1.06882190739029,1.35646862661359,2024-06-12
"440","Napa",2024-06-13,0.827166562818116,1.07016202461303,1.35666495854813,2024-06-13
"441","Napa",2024-06-14,0.8292477271594,1.07144067675387,1.35676635337116,2024-06-14
"442","Napa",2024-06-15,0.831261821714617,1.07262027731237,1.35673148915054,2024-06-15
"443","Napa",2024-06-16,0.833173257977152,1.07366162454678,1.3565180433254,2024-06-16
"444","Napa",2024-06-17,0.834945301919866,1.07452495532444,1.35608391989035,2024-06-17
"445","Napa",2024-06-18,0.836541061464196,1.0751710890841,1.35538855031751,2024-06-18
"446","Napa",2024-06-19,0.837924552446233,1.07556263507539,1.35439423598825,2024-06-19
"447","Napa",2024-06-20,0.839061814891054,1.07566522949664,1.35306749360996,2024-06-20
"448","Napa",2024-06-21,0.839922044631422,1.07544876255568,1.35138035890054,2024-06-21
"449","Napa",2024-06-22,0.840478698963655,1.07488854950779,1.34931159844745,2024-06-22
"450","Napa",2024-06-23,0.840710529921955,1.07396639522348,1.34684777596708,2024-06-23
"451","Napa",2024-06-24,0.840602495753933,1.07267149972277,1.34398411814494,2024-06-24
"452","Napa",2024-06-25,0.840146501133161,1.07100115323422,1.34072512768684,2024-06-25
"453","Napa",2024-06-26,0.83934192019861,1.06896117433097,1.3370848977635,2024-06-26
"454","Napa",2024-06-27,0.83819586398351,1.06656605382655,1.33308709289412,2024-06-27
"455","Napa",2024-06-28,0.836723165063346,1.06383878016771,1.32876457617928,2024-06-28
"456","Napa",2024-06-29,0.834946066703009,1.06081033830815,1.32415868080742,2024-06-29
"457","Napa",2024-06-30,0.832893620348721,1.05751889227974,1.3193181435794,2024-06-30
"458","Napa",2024-07-01,0.830600812581565,1.05400868034797,1.31429773813846,2024-07-01
"459","Napa",2024-07-02,0.828107459051258,1.05032866904814,1.30915666384632,2024-07-02
"460","Napa",2024-07-03,0.825456916912418,1.04653102693018,1.30395676111296,2024-07-03
"461","Napa",2024-07-04,0.822694677613317,1.04266948917016,1.29876063410975,2024-07-04
"462","Napa",2024-07-05,0.819866907676289,1.03879768947387,1.29362976632575,2024-07-05
"463","Napa",2024-07-06,0.817019006005453,1.0349675355968,1.28862271311641,2024-07-06
"464","Napa",2024-07-07,0.81419424242972,1.03122769958654,1.28379344858628,2024-07-07
"465","Napa",2024-07-08,0.811432534265874,1.02762228425581,1.27918993269506,2024-07-08
"466","Napa",2024-07-09,0.808769406637053,1.02418971450662,1.27485294959281,2024-07-09
"467","Napa",2024-07-10,0.806235169266072,1.02096188722666,1.2708152512762,2024-07-10
"468","Napa",2024-07-11,0.80385432867657,1.01796359787466,1.26710102312938,2024-07-11
"469","Napa",2024-07-12,0.801645241277468,1.01521224675387,1.26372567105537,2024-07-12
"470","Napa",2024-07-13,0.799620000582834,1.01271781431884,1.26069591476714,2024-07-13
"471","Napa",2024-07-14,0.79778454148629,1.01048308338003,1.25801015914991,2024-07-14
"472","Napa",2024-07-15,0.796138936460246,1.00850407718494,1.25565910588445,2024-07-15
"473","Napa",2024-07-16,0.794677852934863,1.00677067622801,1.25362656090621,2024-07-16
"474","Napa",2024-07-17,0.793391137876438,1.00526737321339,1.25189038970663,2024-07-17
"475","Napa",2024-07-18,0.792264494523993,1.00397412464239,1.25042357171392,2024-07-18
"476","Napa",2024-07-19,0.791280217051001,1.00286725868344,1.24919530665315,2024-07-19
"477","Napa",2024-07-20,0.790417951236769,1.00192040190625,1.24817212943323,2024-07-20
"478","Napa",2024-07-21,0.789655452682724,1.00110539169923,1.24731899526462,2024-07-21
"479","Napa",2024-07-22,0.788969318325287,1.0003931463185,1.24660030289406,2024-07-22
"480","Napa",2024-07-23,0.788335671639502,0.999754470142566,1.24598083059442,2024-07-23
"481","Napa",2024-07-24,0.787730786694245,0.999160777471436,1.24542656644835,2024-07-24
"482","Napa",2024-07-25,0.787131640853868,0.998584723805159,1.24490542114816,2024-07-25
"483","Napa",2024-07-26,0.786516390214705,0.998000738710583,1.24438781769812,2024-07-26
"484","Napa",2024-07-27,0.785864765660527,0.997385458944652,1.24384715781582,2024-07-27
"485","Napa",2024-07-28,0.78515839061275,0.996718064316471,1.243260169329,2024-07-28
"486","Napa",2024-07-29,0.784381024082328,0.995980521768463,1.24260714236856,2024-07-29
"487","Napa",2024-07-30,0.783518734489739,0.995157745326984,1.24187206465389,2024-07-30
"488","Napa",2024-07-31,0.782560010935744,0.994237680950218,1.24104266769932,2024-07-31
"489","Napa",2024-08-01,0.781495819238155,0.993211325962004,1.24011039643518,2024-08-01
"490","Napa",2024-08-02,0.780319610179806,0.992072692806334,1.23907031466113,2024-08-02
"491","Napa",2024-08-03,0.779027287132783,0.990818726405816,1.23792095807872,2024-08-03
"492","Napa",2024-08-04,0.77761713962931,0.989449183577763,1.23666414553291,2024-08-04
"493","Napa",2024-08-05,0.776089748631223,0.987966481868762,1.23530475767026,2024-08-05
"494","Napa",2024-08-06,0.774447868290276,0.986375523915158,1.23385049062224,2024-08-06
"495","Napa",2024-08-07,0.772696287962507,0.984683502112648,1.23231159065454,2024-08-07
"496","Napa",2024-08-08,0.770841677204597,0.982899687060805,1.23070057408304,2024-08-08
"497","Napa",2024-08-09,0.768892415494988,0.981035202005656,1.22903193522354,2024-08-09
"498","Napa",2024-08-10,0.766858407540722,0.979102784398898,1.22732184379122,2024-08-10
"499","Napa",2024-08-11,0.76475088430527,0.97711653478653,1.22558783206506,2024-08-11
"500","Napa",2024-08-12,0.762582189376107,0.9750916525934,1.2238484713507,2024-08-12
"501","Napa",2024-08-13,0.760365550035319,0.973044158041049,1.22212303687533,2024-08-13
"502","Napa",2024-08-14,0.758114832448165,0.970990599475793,1.22043116028595,2024-08-14
"503","Napa",2024-08-15,0.75584428077715,0.968947745827859,1.21879246943402,2024-08-15
"504","Napa",2024-08-16,0.753568240775683,0.966932264783713,1.21722621612593,2024-08-16
"505","Napa",2024-08-17,0.751300869500531,0.964960388511079,1.21575089397096,2024-08-17
"506","Napa",2024-08-18,0.749055834155519,0.963047570369274,1.21438385029274,2024-08-18
"507","Napa",2024-08-19,0.74684600465317,0.9612081378624,1.21314089816386,2024-08-19
"508","Napa",2024-08-20,0.744683146134268,0.959454949006051,1.21203593680695,2024-08-20
"509","Napa",2024-08-21,0.742577619269895,0.957799061105408,1.21108059067707,2024-08-21
"510","Napa",2024-08-22,0.740538097525871,0.956249422495076,1.21028387927855,2024-08-22
"511","Napa",2024-08-23,0.738571311539756,0.954812598884599,1.20965193096169,2024-08-23
"512","Napa",2024-08-24,0.736681831212684,0.953492546431354,1.20918775440758,2024-08-24
"513","Napa",2024-08-25,0.73487189595906,0.952290443413496,1.20889108111568,2024-08-25
"514","Napa",2024-08-26,0.733141302745048,0.951204591350569,1.20875829090193,2024-08-26
"515","Napa",2024-08-27,0.731487360097664,0.950230394637073,1.20878243022069,2024-08-27
"516","Napa",2024-08-28,0.72990491425088,0.949360425299833,1.2089533301439,2024-08-28
"517","Napa",2024-08-29,0.728386451129104,0.948584576503442,1.20925782723596,2024-08-29
"518","Napa",2024-08-30,0.726922275097412,0.947890305086929,1.20968008656731,2024-08-30
"519","Napa",2024-08-31,0.725500762488934,0.947262959912407,1.21020202194898,2024-08-31
"520","Napa",2024-09-01,0.724108685004766,0.946686189331315,1.21080380437456,2024-09-01
"521","Napa",2024-09-02,0.722731595303468,0.946142417792278,1.21146444583051,2024-09-02
"522","Napa",2024-09-03,0.721354264562786,0.945613378662154,1.21216244224679,2024-09-03
"523","Napa",2024-09-04,0.71996115958658,0.945080687810185,1.21287645653307,2024-09-04
"524","Napa",2024-09-05,0.71853694520575,0.944526440488903,1.21358602046965,2024-09-05
"525","Napa",2024-09-06,0.717066996332483,0.943933812590652,1.21427223275926,2024-09-06
"526","Napa",2024-09-07,0.715537903119906,0.943287646514715,1.21491842984485,2024-09-07
"527","Napa",2024-09-08,0.713937952305571,0.942575001695422,1.21551080620161,2024-09-08
"528","Napa",2024-09-09,0.712257568032156,0.941785650366019,1.21603896175834,2024-09-09
"529","Napa",2024-09-10,0.710489696294246,0.940912500408756,1.21649635592232,2024-09-10
"530","Napa",2024-09-11,0.708630118691022,0.939951929191608,1.21688065037773,2024-09-11
"531","Napa",2024-09-12,0.706677683373457,0.938904015101025,1.21719392636267,2024-09-12
"532","Napa",2024-09-13,0.70463444391539,0.937772656980407,1.21744276640971,2024-09-13
"533","Napa",2024-09-14,0.702505700207294,0.936565575744713,1.2176381953947,2024-09-14
"534","Napa",2024-09-15,0.700299939208814,0.935294196870286,1.21779548095283,2024-09-15
"535","Napa",2024-09-16,0.698028677293128,0.933973417013914,1.21793379860956,2024-09-16
"536","Napa",2024-09-17,0.695706209738372,0.932621262429204,1.21807577203661,2024-09-17
"537","Napa",2024-09-18,0.693349276434365,0.931258450859123,1.21824690338883,2024-09-18
"538","Napa",2024-09-19,0.690976655870927,0.92990787196549,1.21847491246202,2024-09-19
"539","Napa",2024-09-20,0.688608701804044,0.928594003945908,1.21878900626192,2024-09-20
"540","Napa",2024-09-21,0.68626683857297,0.927342285702061,1.21921910241132,2024-09-21
"541","Napa",2024-09-22,0.683973031851823,0.926178464757836,1.21979503065442,2024-09-22
"542","Napa",2024-09-23,0.681749251714603,0.925127941149814,1.22054573663388,2024-09-23
"543","Napa",2024-09-24,0.679616944371382,0.924215126845688,1.22149851125773,2024-09-24
"544","Napa",2024-09-25,0.677596527919407,0.923462839030951,1.22267826750264,2024-09-25
"545","Napa",2024-09-26,0.675706926072032,0.922891743981402,1.22410688457184,2024-09-26
"546","Napa",2024-09-27,0.67396515218958,0.922519866324425,1.22580263706139,2024-09-27
"547","Napa",2024-09-28,0.672385954118781,0.922362176363426,1.22777972426122,2024-09-28
"548","Napa",2024-09-29,0.670981528396402,0.922430265833632,1.23004791195384,2024-09-29
"549","Napa",2024-09-30,0.669761310302147,0.922732119973862,1.23261229605765,2024-09-30
"550","Napa",2024-10-01,0.668731844048582,0.923271991115771,1.23547319415735,2024-10-01
"551","Napa",2024-10-02,0.667896735055706,0.924050376082543,1.23862616733423,2024-10-02
"552","Napa",2024-10-03,0.667256683765435,0.925064096539822,1.24206217074235,2024-10-03
"553","Napa",2024-10-04,0.666809597816706,0.926306478071593,1.24576782710673,2024-10-04
"554","Napa",2024-10-05,0.666550776666331,0.927767620226008,1.24972581284117,2024-10-05
"555","Napa",2024-10-06,0.666473159983512,0.929434746207255,1.25391534196216,2024-10-06
"556","Napa",2024-10-07,0.666567628487745,0.931292617450788,1.25831272864408,2024-10-07
"557","Napa",2024-10-08,0.666823343500789,0.933323995231978,1.26289200541596,2024-10-08
"558","Napa",2024-10-09,0.667228109535747,0.935510128981665,1.26762557097621,2024-10-09
"559","Napa",2024-10-10,0.667768742961854,0.937831249394976,1.27248483975292,2024-10-10
"560","Napa",2024-10-11,0.668431429375328,0.940267043993995,1.27744086499627,2024-10-11
"561","Napa",2024-10-12,0.669202052964779,0.942797093774956,1.28246490863187,2024-10-12
"562","Napa",2024-10-13,0.670066483023696,0.945401252096926,1.28752893450257,2024-10-13
"563","Napa",2024-10-14,0.671010805890784,0.9480599511014,1.29260600700662,2024-10-14
"564","Napa",2024-10-15,0.672021494938813,0.95075442659533,1.29767058434425,2024-10-15
"565","Napa",2024-10-16,0.673085516597014,0.953466859216162,1.30269870424088,2024-10-16
"566","Napa",2024-10-17,0.674190376445211,0.956180437374875,1.30766806952958,2024-10-17
"567","Napa",2024-10-18,0.675324115678584,0.958879355313793,1.31255805055091,2024-10-18
"568","Napa",2024-10-19,0.676475274106478,0.961548766850091,1.31734963000745,2024-10-19
"569","Napa",2024-10-20,0.677632840637998,0.964174721153454,1.32202532266053,2024-10-20
"570","Napa",2024-10-21,0.678786215235748,0.966744110387208,1.32656910607942,2024-10-21
"571","Napa",2024-10-22,0.679925206983804,0.96924465950543,1.33096639871805,2024-10-22
"572","Napa",2024-10-23,0.681040090790605,0.971664985461729,1.33520411738188,2024-10-23
"573","Napa",2024-10-24,0.682121740175204,0.973994746412432,1.33927083757306,2024-10-24
"574","Napa",2024-10-25,0.683161845747608,0.976224891480064,1.34315706770674,2024-10-25
"575","Napa",2024-10-26,0.684153218943499,0.978348009032375,1.34685563276618,2024-10-26
"576","Napa",2024-10-27,0.685090169216257,0.980358757405466,1.35036214610051,2024-10-27
"577","Napa",2024-10-28,0.685968931410061,0.982254348058608,1.3536755316219,2024-10-28
"578","Napa",2024-10-29,0.686788109774723,0.984035038955918,1.35679854463927,2024-10-29
"579","Napa",2024-10-30,0.687549097361571,0.985704587140149,1.35973822988486,2024-10-30
"580","Napa",2024-10-31,0.68825642549303,0.987270605340038,1.36250625149142,2024-10-31
"581","Napa",2024-11-01,0.688917998400184,0.988744768908129,1.36511903270507,2024-11-01
"582","Napa",2024-11-02,0.689545173261561,0.990142826680316,1.36759765315827,2024-11-02
"583","Napa",2024-11-03,0.690152655496944,0.991484382066825,1.36996746794729,2024-11-03
"584","Napa",2024-11-04,0.690758192487055,0.992792427771089,1.37225743417299,2024-11-04
"585","Napa",2024-11-05,0.691382064677906,0.994092637410498,1.37449915502253,2024-11-05
"586","Napa",2024-11-06,0.692046389768548,0.995412438070672,1.37672567653844,2024-11-06
"587","Napa",2024-11-07,0.692774271741296,0.996779907439461,1.37897009548774,2024-11-07
"588","Napa",2024-11-08,0.693588840316256,0.998222555729147,1.38126405592343,2024-11-08
"589","Napa",2024-11-09,0.694512236678847,0.999766064506197,1.38363622524032,2024-11-09
"590","Napa",2024-11-10,0.69556460708854,1.00143306066919,1.38611084645504,2024-11-10
"591","Napa",2024-11-11,0.696763166723383,1.0032420035634,1.38870646145664,2024-11-11
"592","Napa",2024-11-12,0.698121391816349,1.00520625660099,1.39143489016948,2024-11-12
"593","Napa",2024-11-13,0.699648389222246,1.00733340235011,1.39430053374004,2024-11-13
"594","Napa",2024-11-14,0.701348479847826,1.00962484295696,1.39730004743044,2024-11-14
"595","Napa",2024-11-15,0.703221017033244,1.01207570748139,1.40042240281275,2024-11-15
"596","Napa",2024-11-16,0.705260444354266,1.01467506604498,1.40364933139402,2024-11-16
"597","Napa",2024-11-17,0.707456580876695,1.01740642951917,1.40695611538719,2024-11-17
"598","Napa",2024-11-18,0.709795107049532,1.0202484946683,1.41031266831167,2024-11-18
"599","Napa",2024-11-19,0.712258212406823,1.02317607981047,1.41368483045704,2024-11-19
"600","Napa",2024-11-20,0.714825357995447,1.02616118635951,1.41703579342028,2024-11-20
"601","Napa",2024-11-21,0.717474102496654,1.02917411770832,1.42032756465332,2024-11-21
"602","Napa",2024-11-22,0.720180941450999,1.03218458883719,1.42352238714827,2024-11-22
"603","Napa",2024-11-23,0.722922113463734,1.03516276719873,1.42658404017058,2024-11-23
"604","Napa",2024-11-24,0.725674334995587,1.03808019673639,1.42947896278733,2024-11-24
"605","Napa",2024-11-25,0.728415435273462,1.04091057085713,1.43217716084207,2024-11-25
"606","Napa",2024-11-26,0.731124873776721,1.04363033515062,1.43465287783352,2024-11-26
"607","Napa",2024-11-27,0.733784133463374,1.0462191150229,1.43688502879978,2024-11-27
"608","Napa",2024-11-28,0.736376992346181,1.04865997582853,1.438857412085,2024-11-28
"609","Napa",2024-11-29,0.738889683430985,1.05093953256641,1.44055872559568,2024-11-29
"610","Napa",2024-11-30,0.741310957947198,1.05304793224416,1.44198242128771,2024-11-30
"611","Napa",2024-12-01,0.743632069146386,1.054978734584,1.44312643422279,2024-12-01
"612","Napa",2024-12-02,0.745846693952334,1.05672871622077,1.44399282117704,2024-12-02
"613","Napa",2024-12-03,0.747950807892745,1.05829762062183,1.44458733942706,2024-12-03
"614","Napa",2024-12-04,0.749942525654017,1.05968787149756,1.44491899012191,2024-12-04
"615","Napa",2024-12-05,0.751821915944718,1.06090426236243,1.44499954372794,2024-12-05
"616","Napa",2024-12-06,0.753590795749162,1.06195362995515,1.44484305842305,2024-12-06
"617","Napa",2024-12-07,0.755252505997892,1.06284451506264,1.4444653967979,2024-12-07
"618","Napa",2024-12-08,0.756811668513862,1.06358681132605,1.44388374227615,2024-12-08
"619","Napa",2024-12-09,0.758273922976637,1.0641914010213,1.44311611449156,2024-12-09
"620","Napa",2024-12-10,0.759645642592173,1.06466977658404,1.44218088239913,2024-12-10
"621","Napa",2024-12-11,0.760933628052068,1.06503364762217,1.44109627491094,2024-12-11
"622","Napa",2024-12-12,0.762144781027369,1.06529453506984,1.43987989098935,2024-12-12
"623","Napa",2024-12-13,0.763285760648394,1.06546335668939,1.43854821401624,2024-12-13
"624","Napa",2024-12-14,0.764362628954677,1.06555001103703,1.43711613852321,2024-12-14
"625","Napa",2024-12-15,0.765380493958768,1.06556297001663,1.43559652069154,2024-12-15
"626","Napa",2024-12-16,0.766343161577102,1.06550889303274,1.43399976714327,2024-12-16
"627","Napa",2024-12-17,0.767252810073288,1.06539227831567,1.43233347920289,2024-12-17
"628","Napa",2024-12-18,0.768109702656313,1.06521516901822,1.43060217177407,2024-12-18
"629","Napa",2024-12-19,0.76891195526864,1.0649769329363,1.42880708697957,2024-12-19
"630","Napa",2024-12-20,0.769655377134087,1.06467413489874,1.426946122444,2024-12-20
"631","Napa",2024-12-21,0.770333401024002,1.06430051968835,1.42501389222024,2024-12-21
"632","Napa",2024-12-22,0.770937118151133,1.06384712048628,1.42300193455048,2024-12-22
"633","Napa",2024-12-23,0.771455428879228,1.06330250304102,1.42089907469319,2024-12-23
"634","Napa",2024-12-24,0.771875314943856,1.06265314898885,1.41869194292077,2024-12-24
"635","Napa",2024-12-25,0.772182231734802,1.06188397319032,1.41636563778994,2024-12-25
"636","Napa",2024-12-26,0.772360610791503,1.06097896012077,1.413904513568,2024-12-26
"637","Napa",2024-12-27,0.772394453706872,1.05992189412365,1.41129305929972,2024-12-27
"638","Napa",2024-12-28,0.772267990071075,1.05869714883913,1.40851682674848,2024-12-28
"639","Napa",2024-12-29,0.771966365002507,1.05729049362167,1.40556335677896,2024-12-29
"640","Napa",2024-12-30,0.771476317262669,1.05568987044852,1.40242304998058,2024-12-30
"641","Napa",2024-12-31,0.770786807760338,1.0538860945818,1.39908992838336,2024-12-31
"642","Napa",2025-01-01,0.769889560838894,1.05187343646266,1.39556224130875,2025-01-01
"643","Napa",2025-01-02,0.768779487011754,1.04965005075118,1.39184287931915,2025-01-02
"644","Napa",2025-01-03,0.767454965132954,1.04721823022425,1.38793957477037,2025-01-03
"645","Napa",2025-01-04,0.765917973284784,1.04458447605098,1.38386488397369,2025-01-04
"646","Napa",2025-01-05,0.764174069582679,1.04175939014792,1.37963596250401,2025-01-05
"647","Napa",2025-01-06,0.762232235243031,1.03875740823299,1.37527415985503,2025-01-06
"648","Napa",2025-01-07,0.760104601411086,1.035596402454,1.37080447088443,2025-01-07
"649","Napa",2025-01-08,0.757806087532383,1.03229718911875,1.3662548883059,2025-01-08
"650","Napa",2025-01-09,0.755353982045383,1.02888297969401,1.36165570251368,2025-01-09
"651","Napa",2025-01-10,0.752767495898886,1.02537881199898,1.35703879253231,2025-01-10
"652","Napa",2025-01-11,0.75006731626095,1.02181099396288,1.3524369456281,2025-01-11
"653","Napa",2025-01-12,0.747275182455414,1.01820658530472,1.34788323417251,2025-01-12
"654","Napa",2025-01-13,0.744413499438273,1.01459293401335,1.34341046790533,2025-01-13
"655","Napa",2025-01-14,0.741504996822258,1.01099727553488,1.33905072896243,2025-01-14
"656","Napa",2025-01-15,0.738572434313149,1.00744639398248,1.33483498691285,2025-01-15
"657","Napa",2025-01-16,0.735638348052453,1.00396633717685,1.33079278239352,2025-01-16
"658","Napa",2025-01-17,0.732724827247561,1.00058217144343,1.32695196132638,2025-01-17
"659","Napa",2025-01-18,0.729853306961203,0.997317758210336,1.32333843754999,2025-01-18
"660","Napa",2025-01-19,0.727044361260767,0.99419553281345,1.31997596023784,2025-01-19
"661","Napa",2025-01-20,0.724317481225364,0.991236266644043,1.31688586380973,2025-01-20
"662","Napa",2025-01-21,0.721690824602693,0.988458796876036,1.31408678214094,2025-01-21
"663","Napa",2025-01-22,0.719180928112842,0.985879713358859,1.31159431555498,2025-01-22
"664","Napa",2025-01-23,0.716802379289756,0.98351299957266,1.30942064798479,2025-01-23
"665","Napa",2025-01-24,0.714567451950969,0.981369633341161,1.30757412221933,2025-01-24
"666","Napa",2025-01-25,0.712485717334467,0.979457162600412,1.30605879249102,2025-01-25
"667","Napa",2025-01-26,0.710563650911341,0.977779281043025,1.30487398474187,2025-01-26
"668","Napa",2025-01-27,0.708804262012865,0.976335436850742,1.30401390448535,2025-01-27
"669","Napa",2025-01-28,0.707206778777308,0.975120513874943,1.3034673389361,2025-01-28
"670","Napa",2025-01-29,0.705766423642936,0.974124627462508,1.3032175027659,2025-01-29
"671","Napa",2025-01-30,0.704474313975758,0.973333075804969,1.30324207448831,2025-01-30
"672","Napa",2025-01-31,0.703317518009215,0.972726481740032,1.30351346256774,2025-01-31
"673","Napa",2025-02-01,0.702279288083457,0.972281149396841,1.30399932701035,2025-02-01
"674","Napa",2025-02-02,0.701339481673281,0.971969645580854,1.30466336425985,2025-02-02
"675","Napa",2025-02-03,0.700475166826848,0.971761598554958,1.30546634222824,2025-02-03
"676","Napa",2025-02-04,0.699661393734721,0.971624688581824,1.30636735033803,2025-02-04
"677","Napa",2025-02-05,0.698872099781786,0.971525787218706,1.30732520895052,2025-02-05
"678","Napa",2025-02-06,0.698081103206733,0.971432187884212,1.30829996589779,2025-02-06
"679","Napa",2025-02-07,0.697263131813695,0.97131286035908,1.30925439704875,2025-02-07
"680","Napa",2025-02-08,0.696394829055406,0.971139657821855,1.31015542426521,2025-02-08
"681","Napa",2025-02-09,0.695455680694543,0.970888407230817,1.31097536820268,2025-02-09
"682","Napa",2025-02-10,0.694428810997516,0.970539822050083,1.31169296468913,2025-02-10
"683","Napa",2025-02-11,0.693301607297099,0.970080189474904,1.31229409052748,2025-02-11
"684","Napa",2025-02-12,0.692066144603544,0.969501800895303,1.31277216553562,2025-02-12
"685","Napa",2025-02-13,0.690719396312654,0.968803112510344,1.31312822016388,2025-02-13
"686","Napa",2025-02-14,0.689263231467988,0.967988640905254,1.31337063983281,2025-02-14
"687","Napa",2025-02-15,0.687704212143042,0.967068614388355,1.31351461624566,2025-02-15
"688","Napa",2025-02-16,0.686053215275939,0.966058413715014,1.31358135090833,2025-02-16
"689","Napa",2025-02-17,0.684324911057931,0.964977844763619,1.31359706612855,2025-02-17
"690","Napa",2025-02-18,0.68253713449809,0.963850290550015,1.3135918836936,2025-02-18
"691","Napa",2025-02-19,0.680710188178417,0.962701790900912,1.31359863161686,2025-02-19
"692","Napa",2025-02-20,0.678866112882657,0.961560095727666,1.31365163557595,2025-02-20
"693","Napa",2025-02-21,0.677027959321658,0.960453732934823,1.31378554495251,2025-02-21
"694","Napa",2025-02-22,0.675219089264607,0.959411125430332,1.31403423481207,2025-02-22
"695","Napa",2025-02-23,0.673462528687954,0.958459784313062,1.31442981575826,2025-02-23
"696","Napa",2025-02-24,0.671780389664568,0.957625597822814,1.31500177422855,2025-02-24
"697","Napa",2025-02-25,0.670193372106494,0.956932228611525,1.31577625712806,2025-02-25
"698","Napa",2025-02-26,0.668720351477486,0.956400625714241,1.31677550715645,2025-02-26
"699","Napa",2025-02-27,0.667378054399237,0.956048652473157,1.31801744898865,2025-02-27
"700","Napa",2025-02-28,0.66618082075742,0.955890827654564,1.31951542165948,2025-02-28
"701","Napa",2025-03-01,0.66514044844206,0.955938174037149,1.32127804897555,2025-03-01
"702","Napa",2025-03-02,0.664266115133533,0.956198166701092,1.32330923734498,2025-03-02
"703","Napa",2025-03-03,0.663564370433401,0.956674771928289,1.32560828884213,2025-03-03
"704","Napa",2025-03-04,0.663039190986152,0.957368566841217,1.32817011637116,2025-03-04
"705","Napa",2025-03-05,0.662692090898973,0.958276929482238,1.33098554724347,2025-03-05
"706","Napa",2025-03-06,0.66252227961848,0.959394288819173,1.33404170116847,2025-03-06
"707","Napa",2025-03-07,0.662526859373405,0.960712424051778,1.33732242846053,2025-03-07
"708","Napa",2025-03-08,0.662701054282231,0.962220802526874,1.34080879412693,2025-03-08
"709","Napa",2025-03-09,0.66303846322926,0.963906945529053,1.34447959341814,2025-03-09
"710","Napa",2025-03-10,0.663531328634002,0.965756811215184,1.3483118844241,2025-03-10
"711","Napa",2025-03-11,0.664170813300047,0.967755184044155,1.35228152345097,2025-03-11
"712","Napa",2025-03-12,0.664947277666093,0.969886060270762,1.35636368928254,2025-03-12
"713","Napa",2025-03-13,0.665850550032397,0.97213301947762,1.36053338308725,2025-03-13
"714","Napa",2025-03-14,0.666870182736317,0.974479572756246,1.36476589172753,2025-03-14
"715","Napa",2025-03-15,0.66799568782729,0.97690947904685,1.36903720359121,2025-03-15
"716","Napa",2025-03-16,0.669216746558279,0.979407022315273,1.37332436779222,2025-03-16
"717","Napa",2025-03-17,0.670523387966774,0.981957243672132,1.37760578964979,2025-03-17
"718","Napa",2025-03-18,0.671906132948615,0.98454612419116,1.3818614576921,2025-03-18
"719","Napa",2025-03-19,0.673356101503511,0.987160716009693,1.38607309996061,2025-03-19
"720","Napa",2025-03-20,0.674865082211701,0.989789221228993,1.39022427001629,2025-03-20
"721","Napa",2025-03-21,0.676425564436396,0.992421020099003,1.39430036565901,2025-03-21
"722","Napa",2025-03-22,0.67803073517863,0.995046651887602,1.39828858585137,2025-03-22
"723","Napa",2025-03-23,0.679674443876389,0.997657753610993,1.40217783357273,2025-03-23
"724","Napa",2025-03-24,0.68135113967231,1.00024696335258,1.40595857420909,2025-03-24
"725","Napa",2025-03-25,0.683055786707903,1.00280779613963,1.40962266051008,2025-03-25
"726","Napa",2025-03-26,0.684783763776035,1.00533450120768,1.41316313603409,2025-03-26
"727","Napa",2025-03-27,0.68653075512522,1.00782190990361,1.4165740292972,2025-03-27
"728","Napa",2025-03-28,0.688292639321789,1.01026528342484,1.41985015051318,2025-03-28
"729","Napa",2025-03-29,0.690065382821589,1.01266016905361,1.42298690186676,2025-03-29
"730","Napa",2025-03-30,0.691844944287679,1.01500227254579,1.42598011074885,2025-03-30
"731","Napa",2025-03-31,0.693627194746747,1.01728735292864,1.42882589338766,2025-03-31
"732","Napa",2025-04-01,0.695407857462904,1.0195111442385,1.43152055395975,2025-04-01
"733","Napa",2025-04-02,0.697182470004003,1.02166930680333,1.43406052171543,2025-04-02
"734","Napa",2025-04-03,0.698946369480406,1.02375740867888,1.43644232607861,2025-04-03
"735","Napa",2025-04-04,0.700694700455503,1.02577093592088,1.43866260725895,2025-04-04
"736","Napa",2025-04-05,0.702422443666248,1.02770532865435,1.44071815781125,2025-04-05
"737","Napa",2025-04-06,0.704124462544406,1.02955603850032,1.44260598893064,2025-04-06
"738","Napa",2025-04-07,0.705795563669118,1.0313186019271,1.44432341417898,2025-04-07
"739","Napa",2025-04-08,0.707430566755432,1.0329887235572,1.44586814284701,2025-04-08
"740","Napa",2025-04-09,0.709024379608252,1.03456236339028,1.44723837526096,2025-04-09
"741","Napa",2025-04-10,0.710572073631701,1.0360358222658,1.44843289298719,2025-04-10
"742","Napa",2025-04-11,0.712068955937592,1.03740582061787,1.44945113797438,2025-04-11
"743","Napa",2025-04-12,0.713510634778272,1.03866956657732,1.45029327607173,2025-04-12
"744","Napa",2025-04-13,0.714893075859455,1.0398248106402,1.45096024192684,2025-04-13
"745","Napa",2025-04-14,0.716212647982734,1.04086988533703,1.45145376385439,2025-04-14
"746","Napa",2025-04-15,0.717466157343975,1.04180372949496,1.45177636874222,2025-04-15
"747","Napa",2025-04-16,0.71865087060217,1.04262589769965,1.45193136831916,2025-04-16
"748","Napa",2025-04-17,0.719764527479837,1.04333655636788,1.45192282907361,2025-04-17
"749","Napa",2025-04-18,0.720805344127062,1.04393646840143,1.45175552874558,2025-04-18
"750","Napa",2025-04-19,0.721772008764211,1.04442696869594,1.45143490261527,2025-04-19
"751","Napa",2025-04-20,0.722663671220001,1.04480993284367,1.45096698280656,2025-04-20
"752","Napa",2025-04-21,0.723479927925154,1.04508774123021,1.45035833356693,2025-04-21
"753","Napa",2025-04-22,0.724220803741926,1.04526324043316,1.44961598504374,2025-04-22
"754","Napa",2025-04-23,0.724886731747357,1.04533970344165,1.44874736752598,2025-04-23
"755","Napa",2025-04-24,0.725478531785412,1.04532078978498,1.4477602475309,2025-04-24
"756","Napa",2025-04-25,0.72599738829921,1.04521050623722,1.44666266655185,2025-04-25
"757","Napa",2025-04-26,0.726444827681568,1.04501316839364,1.44546288279439,2025-04-26
"758","Napa",2025-04-27,0.726822695163458,1.04473336312107,1.44416931584753,2025-04-27
"759","Napa",2025-04-28,0.727133131109232,1.04437591168439,1.44279049398002,2025-04-28
"760","Napa",2025-04-29,0.727378546508823,1.04394583324759,1.44133500362031,2025-04-29
"761","Napa",2025-04-30,0.727561597446231,1.04344830843215,1.43981144055979,2025-04-30
"762","Napa",2025-05-01,0.727390802939018,1.04253423084994,1.43781383788253,2025-05-01
"763","Napa",2025-05-02,0.72688295950485,1.04122738840998,1.43537445621328,2025-05-02
"764","Napa",2025-05-03,0.72607270920945,1.03957685474129,1.43256014161764,2025-05-03
"765","Napa",2025-05-04,0.725000163043851,1.03763925506164,1.42944787224513,2025-05-04
"766","Napa",2025-05-05,0.723704319767383,1.03546938736296,1.42611188182804,2025-05-05
"767","Napa",2025-05-06,0.722220443457187,1.03311652728492,1.42261863244262,2025-05-06
"768","Napa",2025-05-07,0.720579161076033,1.03062319297359,1.41902517402142,2025-05-07
"769","Napa",2025-05-08,0.719093728367628,1.02837066098456,1.41578297930213,2025-05-08
"770","Napa",2025-05-09,0.717773565707381,1.02637229318968,1.41291031397147,2025-05-09
"771","Napa",2025-05-10,0.71660759253124,1.02461207593652,1.41038493992353,2025-05-10
"772","Napa",2025-05-11,0.715576474874397,1.02306214811539,1.4081682608544,2025-05-11
